cct,u,v
1000.0,0.44801079990356485,0.35462499002223313
1002.5,0.44742607684603647,0.3546756351394761
1005.0062499999999,0.4468414481074797,0.3547261750802911
1007.5187656249998,0.44625691983581045,0.3547766082912389
1010.0375625390623,0.44567249815621135,0.3548269332156437
1012.56265644541,0.4450881891710144,0.3548771482936212
1015.0940630865233,0.4445039989595844,0.35492725196210845
1017.6317982442396,0.44391993357820686,0.35497724265489333
1020.1758777398502,0.443335999059975,0.3550271188026442
1022.7263174341998,0.44275220141468313,0.3550768788329414
1025.2831332277851,0.44216854662871796,0.3551265211703078
1027.8463410608545,0.4415850406649552,0.35517604423624066
1030.4159569135068,0.4410016894626572,0.3552254464492439
1032.9919968057904,0.44041849893737356,0.35527472622486084
1035.574476797805,0.4398354749808429,0.35532388197570725
1038.163412989799,0.4392526234608972,0.3553729121115051
1040.7588215222736,0.4386699502213694,0.3554218150391174
1043.3607185760793,0.4380874610820022,0.3554705891625819
1045.9691203725195,0.437505161838359,0.3555192328831476
1048.5840431734507,0.4369230582617379,0.3555677445993099
1051.2055032813844,0.4363411560990872,0.3556161227068472
1053.8335170395876,0.43575946107292296,0.35566436559885783
1056.4681008321866,0.43517797888125026,0.35571247166579734
1059.1092710842672,0.43459671519748394,0.3557604392955171
1061.7570442619776,0.43401567567037486,0.355808266873302
1064.4114368726325,0.4334348659239349,0.3558559527819103
1067.072465464814,0.4328542915573672,0.3559034954016128
1069.740146628476,0.4322739581449963,0.35595089311023326
1072.414496995047,0.431693871236202,0.3559981442831892
1075.0955332375347,0.4311140363553542,0.3560452472935329
1077.7832720706283,0.4305344590017505,0.35609220051199353
1080.477730250805,0.429955144649556,0.3561390023070195
1083.178924576432,0.4293760987477445,0.35618565104482136
1085.886871887873,0.42879732672004334,0.35623214508941514
1088.6015890675926,0.42821883396487803,0.356278482802667
1091.3230930402615,0.42764062585532114,0.356324662544337
1094.051400772862,0.4270627077390421,0.3563706826721252
1096.7865292747942,0.42648508493825954,0.356416541541717
1099.5284955979812,0.4259077627496949,0.35646223750682876
1102.2773168369758,0.42533074644452923,0.3565077689192563
1105.0330101290683,0.4247540412683614,0.35655313412892076
1107.795592654391,0.4241776524411681,0.3565983314839175
1110.565081636027,0.4236015851572661,0.35664335933056424
1113.341494340117,0.42302584458527676,0.3566882160134506
1116.124848075967,0.42245043586809206,0.35673289987548723
1118.915160196157,0.42187536412284293,0.35677740925795676
1121.7124480966474,0.42130063444086874,0.3568217425005639
1124.516729216889,0.4207262518876905,0.35686589794148726
1127.328021039931,0.4201522215029843,0.3569098739174316
1130.1463410925307,0.41957854830055613,0.35695366876367945
1132.971706945262,0.41900523726832173,0.35699728081414495
1135.8041362126253,0.41843229336828414,0.35704070840142715
1138.6436465531567,0.4178597215365168,0.35708394985686426
1141.4902556695397,0.41728752668314584,0.3571270035105886
1144.3439813087132,0.416715713692336,0.35716986769158177
1147.2048412619852,0.4161442874222763,0.35721254072773
1150.07285336514,0.41557325270517076,0.35725502094588196
1152.9480354985528,0.415002614347227,0.3572973066719042
1155.830405587299,0.41443237712864994,0.3573393962307396
1158.7199816012671,0.413862545803635,0.35738128794646523
1161.6167815552706,0.413293125100364,0.3574229801423511
1164.5208235091584,0.4127241197210028,0.35746447114091906
1167.4321255679315,0.4121555343417007,0.357505759264003
1170.3507058818511,0.4115873736125908,0.3575468428328087
1173.2765826465557,0.4110196421577923,0.35758772016797497
1176.209774103172,0.41045234457541563,0.3576283895896348
1179.15029853843,0.40988548543756725,0.3576688494174776
1182.0981742847757,0.40931906929035733,0.3577090979708112
1185.053419720488,0.4087531006539084,0.35774913356862514
1188.016053269789,0.4081875840223669,0.3577889545296542
1190.9860934029632,0.407622523863914,0.35782855917244244
1193.9635586364707,0.40705792462077944,0.35786794581540715
1196.9484675330618,0.4064937907092576,0.35790711277690523
1199.9408387018943,0.40593012651972266,0.35794605837529775
1202.940690798649,0.40536693641664795,0.3579847809290161
1205.9480425256456,0.40480422473862454,0.3580232787566293
1208.9629126319596,0.4042419957983828,0.35806155017691066
1211.9853199135396,0.40368025388281464,0.35809959350890536
1215.0152832133233,0.4031190032529971,0.3581374070719989
1218.0528214213564,0.4025582481442181,0.3581749891859858
1221.09795347491,0.4019979927660018,0.35821233817113834
1224.150698358597,0.40143824130213757,0.35824945234827643
1227.2110751044936,0.40087899791070963,0.3582863300388382
1230.2791027922547,0.4003202667241257,0.3583229695649494
1233.3548005492353,0.39976205184915026,0.35835936924949585
1236.4381875506083,0.39920435736693766,0.3583955274161941
1239.5292830194846,0.3986471873330652,0.3584314423896636
1242.6281062270332,0.3980905457775705,0.35846711249549973
1245.734676492601,0.3975344367049864,0.358502536060346
1248.8490131838323,0.3969788640943801,0.3585377114119676
1251.9711357167917,0.3964238318993919,0.35857263687932583
1255.1010635560838,0.3958693440482753,0.35860731079265157
1258.238816214974,0.3953154044439386,0.3586417314835207
1261.3844132555112,0.39476201696398777,0.3586758972849286
1264.5378742886498,0.39420918546076883,0.35870980653136625
1267.6992189743714,0.3936569137614138,0.3587434575588959
1270.8684670218074,0.39310520566788604,0.35877684870522786
1274.0456381893619,0.39255406495702677,0.35880997830979683
1277.2307522848353,0.39200349538060253,0.3588428447138393
1280.4238291655472,0.3914535006653554,0.3588754462604715
1283.6248887384609,0.39090408451305103,0.35890778129476686
1286.833950960307,0.39035525060053,0.3589398481638348
1290.0510358377078,0.38980700257976,0.35897164521689917
1293.276163427302,0.38925934407788726,0.35900317080537797
1296.5093538358701,0.3887122786972916,0.3590344232829618
1299.7506272204598,0.38816581001563893,0.35906540100569523
1303.0000037885109,0.3876199415859382,0.35909610233205513
1306.257503797982,0.3870746769365959,0.359126525623033
1309.523147557477,0.3865300195714743,0.3591566692422148
1312.7969554263705,0.3859859729699479,0.3591865315558622
1316.0789478149363,0.3854425405869636,0.3592161109329949
1319.3691451844736,0.3848997258530976,0.35924540574547137
1322.6675680474348,0.38435753217461754,0.3592744143680717
1325.9742369675535,0.3838159629335421,0.35930313517858004
1329.289172559972,0.383275021487703,0.35933156655786713
1332.612395491372,0.38273471117080615,0.3593597068899731
1335.9439264801003,0.38219503529249627,0.3593875545621915
1339.2837862963006,0.3816559971384184,0.35941510796515214
1342.6319957620412,0.3811175999702834,0.35944236549290515
1345.9885757514462,0.3805798470259321,0.35946932554300504
1349.3535471908247,0.3800427415194008,0.35949598651659537
1352.7269310588017,0.3795062866409875,0.35952234681849277
1356.1087483864487,0.3789704855573176,0.35954840485727185
1359.4990202574147,0.3784353414114124,0.3595741590453505
1362.8977678080582,0.37790085732275475,0.35959960779907457
1366.3050122275781,0.37736703638735924,0.35962474953880375
1369.720774758147,0.37683388167783965,0.35964958268899716
1373.1450766950425,0.37630139624347825,0.3596741056782985
1376.57793938678,0.37576958311029535,0.3596983169396226
1380.019384235247,0.3752384452811202,0.3597222149102417
1383.4694326958347,0.37470798573566,0.3597457980318708
1386.9281062775744,0.3741782074305723,0.35976906475075504
1390.3954265432683,0.3736491132995355,0.35979201351775586
1393.8714151096262,0.3731207062533206,0.3598146427884375
1397.3560936474003,0.3725929891798634,0.35983695102315416
1400.8494838815188,0.3720659649443376,0.3598589366871365
1404.3516075912225,0.3715396363892263,0.35988059825057916
1407.8624866102004,0.37101400633439635,0.3599019341887271
1411.3821428267258,0.3704890775771713,0.3599229429819639
1414.9105981837927,0.36996485289240466,0.3599436231158978
1418.447874679252,0.36944133503255505,0.3599639730814497
1421.9939943659501,0.3689185267277596,0.35998399137494036
1425.548979351865,0.36839643068590894,0.360003676498178
1429.1128518002445,0.3678750495927215,0.36002302695854516
1432.6856339297449,0.3673543861118191,0.3600420412690869
1436.2673480145693,0.36683444288480194,0.36006071794859773
1439.8580163846054,0.3663152225313244,0.36007905552170927
1443.457661425567,0.36579672764916954,0.36009705251897756
1447.0663055791308,0.36527896081432637,0.3601147074769709
1450.6839713430786,0.36476192458106493,0.36013201893835683
1454.3106812714364,0.3642456214820124,0.3601489854519898
1457.9464579746148,0.3637300540282295,0.36016560557299804
1461.5913241195512,0.3632152247092872,0.36018187786287165
1465.24530242985,0.3627011359933423,0.3601978008895488
1468.9084156859246,0.36218779032721493,0.36021337322750374
1472.5806867251395,0.3616751901364645,0.36022859345783326
1476.2621384419522,0.3611633378254669,0.36024346016834385
1479.952793788057,0.3606522357774909,0.36025797195363857
1483.6526757725271,0.36014188635477495,0.36027212741520337
1487.361807461958,0.35963229189860474,0.36028592516149416
1491.080211980613,0.3591234547293889,0.3602993638080232
1494.8079125105644,0.35861537714673675,0.36031244197744483
1498.5449322918407,0.35810806142953544,0.3603251582996421
1502.2912946225704,0.3576015098360255,0.36033751141181264
1506.0470228591266,0.35709572460387956,0.3603494999585544
1509.8121404162744,0.3565907079502775,0.3603611225919509
1513.5866707673151,0.35608646207198436,0.36037237797165683
1517.3706374442334,0.3555829891454267,0.36038326476498367
1521.1640640378437,0.35508029132676905,0.36039378164698355
1524.9669741979383,0.3545783707519912,0.3604039273005349
1528.779391633433,0.3540772295369643,0.3604137004164264
1532.6013401125165,0.3535768697775272,0.36042309969344133
1536.4328434627978,0.3530772935495635,0.3604321238384413
1540.2739255714546,0.35257850290907694,0.3604407715664501
1544.1246103853832,0.3520804998922682,0.3604490416007371
1547.9849219113466,0.35158328651561077,0.3604569326728998
1551.854884216125,0.35108686477592665,0.3604644435229473
1555.7345214266652,0.35059123665046277,0.3604715728993824
1559.6238577302317,0.3500964040969659,0.36047831955928317
1563.522917374557,0.3496023690537582,0.36048468226838554
1567.4317246679934,0.3491091334398133,0.36049065980116435
1571.3503039796635,0.34861669915483046,0.3604962509409143
1575.2786797396125,0.3481250680793103,0.3605014544798308
1579.2168764389614,0.34763424207462934,0.36050626921908996
1583.1649186300588,0.3471442229831143,0.36051069396892876
1587.122830926634,0.34665501262811715,0.3605147275487246
1591.0906380039503,0.34616661281408917,0.3605183687870743
1595.06836459896,0.3456790253266543,0.36052161652187237
1599.0560355104576,0.34519225193268377,0.3605244696003901
1603.0536755992334,0.34470629438036954,0.36052692687935234
1607.0613097882313,0.34422115439929735,0.3605289872250157
1611.078963062702,0.34373683370051994,0.360530649513245
1615.1066604703585,0.3432533339766301,0.3605319126295895
1619.1444271215346,0.34277065690183367,0.36053277546935925
1623.1922881893381,0.34228880413202095,0.36053323693770056
1627.2502689098114,0.34180777730483985,0.36053329594967026
1631.3183945820858,0.34132757803976754,0.36053295143031067
1635.396690568541,0.3408482079381817,0.36053220231472355
1639.4851822949622,0.3403696685834327,0.36053104754814314
1643.5838952506997,0.33989196154091383,0.3605294860860092
1647.6928549888264,0.33941508835813294,0.36052751689403933
1651.8120871262981,0.3389390505647828,0.3605251389483003
1655.9416173441139,0.33846384967281096,0.3605223512352799
1660.081471387474,0.3379894871764906,0.3605191527519568
1664.2316750659427,0.3375159645524895,0.36051554250587076
1668.3922542536075,0.3370432832599402,0.3605115195151927
1672.5632348892414,0.33657144474050876,0.36050708280879223
1676.7446429764643,0.3361004504184637,0.3605022314263069
1680.9365045839056,0.33563030170074437,0.3604969644182091
1685.138845845365,0.33516099997702986,0.3604912808458735
1689.3516929599787,0.3346925466198067,0.3604851797816428
1693.5750721923785,0.33422494298443634,0.3604786603088938
1697.8090098728592,0.33375819040922267,0.3604717215221024
1702.0535323975412,0.33329229021547946,0.36046436252690733
1706.308666228535,0.3328272437075965,0.3604565824401744
1710.574437894106,0.33236305217310647,0.3604483803900592
1714.8508739888416,0.33189971688275144,0.36043975551606966
1719.1380011738133,0.33143723909054795,0.360430706969127
1723.4358461767479,0.3309756200338531,0.3604212339116271
1727.7444357921895,0.3305148609334298,0.36041133551750065
1732.0637968816702,0.33005496299351134,0.3604010109722725
1736.393956373874,0.3295959274018663,0.36039025947312003
1740.7349412648089,0.3291377553298628,0.3603790802289316
1745.0867786179706,0.3286804479325322,0.36036747246036355
1749.4494955645155,0.3282240063486333,0.36035543539989656
1753.8231193034267,0.3277684317007155,0.3603429682918917
1758.207677101685,0.32731372509518125,0.360330070392645
1762.6031962944394,0.32685988762234963,0.36031674097044175
1767.0097042851753,0.32640692035651836,0.36030297930560984
1771.427228545888,0.32595482435602574,0.3602887846905727
1775.8557966172527,0.32550360066331296,0.36027415642990057
1780.2954361087957,0.32505325030498483,0.360259093840362
1784.7461746990675,0.3246037742918715,0.3602435962509733
1789.2080401358153,0.3241551736190893,0.3602276630030492
1793.6810602361545,0.32370744926610084,0.3602112934502499
1798.165262886745,0.32326060219677577,0.36019448695863004
1802.6606760439615,0.3228146333594505,0.3601772429066853
1807.1673277340717,0.32236954368698706,0.3601595606853975
1811.6852460534064,0.32192533409683416,0.3601414396982815
1816.21445916854,0.3214820054910844,0.36012287936142806
1820.7549953164612,0.3210395587565338,0.3601038791035486
1825.3068828047524,0.3205979947647405,0.36008443836601656
1829.8701500117643,0.3201573143720818,0.3600645566029104
1834.4448253867936,0.3197175184198132,0.3600442332810541
1839.0309374502604,0.31927860773412525,0.36002346788005685
1843.6285147938859,0.3188405831262005,0.3600022598923526
1848.2375860808704,0.31840344539227117,0.35998060882323824
1852.8581800460727,0.3179671953136751,0.3599585141909112
1857.4903254961876,0.3175318336569126,0.3599359755265054
1862.134051309928,0.3170973611737022,0.35991299237412755
1866.7893864382029,0.31666377860103645,0.35988956429089125
1871.456359904298,0.3162310866612376,0.3598656908469513
1876.1350008040588,0.31579928606201263,0.3598413716255361
1880.825338306069,0.3153683774965084,0.35981660622298
1885.527401651834,0.3149383616433661,0.359791394248754
1890.2412201559632,0.3145092391667759,0.35976573532549627
1894.9668232063532,0.3140810107165309,0.3597396290890411
1899.704240264369,0.313653676928081,0.35971307518844703
1904.4535008650298,0.3132272384225868,0.3596860732860244
1909.2146346171924,0.3128016958069725,0.359658623057362
1913.987671203735,0.31237704967397956,0.3596307241913519
1918.7726403817444,0.31195330060221893,0.35960237639021453
1923.5695719826986,0.3115304491562241,0.3595735793695218
1928.3784959126554,0.31110849588650363,0.3595443328582203
1933.1994421524369,0.31068744132959275,0.3595146365986526
1938.0324407578178,0.31026728600810527,0.3594844903465781
1942.8775218597123,0.309848030430786,0.3594538938711925
1947.7347156643614,0.309429675092561,0.35942284695514704
1952.6040524535222,0.3090122204745898,0.3593913493945665
1957.4855625846558,0.3085956670443158,0.35935940099906544
1962.3792764911175,0.30818001525551714,0.3593270015917649
1967.2852246823452,0.30776526554835726,0.3592941510093069
1972.203437744051,0.30735141834943525,0.3592608491018686
1977.133946338411,0.3069384740718356,0.3592270957331755
1982.0767812042568,0.30652643311517885,0.3591928907805134
1987.0319731572674,0.3061152958656705,0.35915823413473985
1991.9995530901604,0.3057050626961506,0.3591231257002936
1996.9795519728857,0.30529573396614385,0.3590875653952047
2001.9720008528177,0.30488731002190744,0.3590515531511021
2006.9769308549498,0.304479791196481,0.35901508891322137
2011.994373182087,0.3040731778097349,0.35897817264041076
2017.0243591150422,0.3036674701684188,0.3589408043051365
2022.0669200128295,0.3032626685662099,0.35890298389348735
2027.1220873128616,0.3028587732837616,0.3588647114051781
2032.1898925311439,0.3024557845887507,0.3588259868535516
2037.2703672624714,0.3020537027359265,0.3587868102655807
2042.3635431806274,0.3016525279671571,0.35874718168186875
2047.469452038579,0.3012522605114778,0.3587071011566488
2052.5881256686757,0.3008529005851383,0.3586665687577824
2057.719595982847,0.30045444839165,0.3586255845667574
2062.863894972804,0.3000569041218325,0.3585841486786845
2068.0210547102356,0.2996602679538618,0.35854226120229277
2073.1911073470114,0.29926454005331543,0.3584999222599249
2078.374085115379,0.2988697205732208,0.3584571319875305
2083.570020328167,0.29847580965410037,0.3584138905346592
2088.7789453789874,0.2980828074240187,0.3583701980644527
2094.0008927424346,0.2976907139986287,0.35832605475363544
2099.2358949742907,0.2972995294812175,0.3582814607925048
2104.4839847117264,0.2969092539627532,0.35823641638492015
2109.7451946735055,0.29651988752192954,0.35819092174829087
2115.0195576601895,0.2961314302252129,0.3581449771135638
2120.3071065543395,0.2957438821268874,0.3580985827252091
2125.6078743207254,0.29535724326910073,0.3580517388412061
2130.921894006527,0.29497151368190944,0.3580044457330271
2136.249198741543,0.29458669338332455,0.35795670368562116
2141.589821738397,0.2942027823793566,0.3579085129973968
2146.9437962927427,0.2938197806640611,0.35785987398020336
2152.3111557834745,0.2934376882195841,0.35781078695931173
2157.691933672933,0.29305650501620595,0.3577612522733943
2163.086163507115,0.2926762310123876,0.3577112702745035
2168.4938789158828,0.2922968661548146,0.3576608413280502
2173.9151136131727,0.29191841037844274,0.3576099658127807
2179.3499013972055,0.29154086360654224,0.3575586441207528
2184.7982761506983,0.2911642257507424,0.35750687665731085
2190.260271841075,0.29078849671107654,0.3574546638410608
2195.735922520678,0.2904136763760265,0.3574020061038428
2201.225262326979,0.29003976462256714,0.3573489038907048
2206.728325482796,0.2896667613162102,0.35729535765987397
2212.245146296503,0.28929466631105044,0.35724136788272703
2217.7757591622444,0.2889234794498078,0.35718693504376114
2223.32019856015,0.28855320056387335,0.35713205964056227
2228.87849905655,0.2881838294733529,0.35707674218377444
2234.4506953041914,0.2878153659871112,0.35702098319706616
2240.0368220424516,0.28744780990281654,0.3569647832170978
2245.636914097558,0.2870811610069849,0.3569081427934871
2251.2510063828017,0.28671541907502335,0.35685106248877385
2256.8791338987585,0.2863505838712755,0.35679354287838483
2262.521331733505,0.28598665514906435,0.3567355845505959
2268.177635062839,0.2856236326507368,0.35667718810649546
2273.8480791504962,0.2852615161077085,0.3566183541599459
2279.532699348372,0.2849003052405068,0.35655908333754427
2285.2315310967424,0.28453999975881505,0.3564993762785822
2290.944609924484,0.28418059936151707,0.3564392336350056
2296.6719714492956,0.28382210373674094,0.35637865607137303
2302.4136513779185,0.28346451256190314,0.3563176442648132
2308.1696855063637,0.2831078255037517,0.35625619890498195
2313.940109720129,0.28275204221841216,0.35619432069401874
2319.7249599944294,0.28239716235142925,0.35613201034650177
2325.524272394415,0.28204318553781255,0.3560692685894023
2331.3380830754013,0.28169011140208,0.3560060961620395
2337.1664282830898,0.28133793955830216,0.3559424938160328
2343.0093443537976,0.28098666961014546,0.35587846231525466
2348.8668677146816,0.28063630115091726,0.35581400243578204
2354.739034883968,0.2802868337636097,0.3557491149658478
2360.625882471178,0.2799382670209432,0.3556838007057908
2366.5274471773555,0.27959060048541107,0.3556180604680051
2372.443765795299,0.27924383370932365,0.3555518950768894
2378.374875209787,0.27889796623485236,0.3554853053687951
2384.3208123978116,0.27855299759407376,0.35541829219197346
2390.281614428806,0.2782089273090141,0.3553508564065231
2396.2573184648777,0.2778657548916928,0.3552829988843352
2402.2479617610397,0.27752347984416786,0.35521472050904007
2408.253581665442,0.27718210165857887,0.35514602217595115
2414.274215619606,0.27684161981719213,0.35507690479200976
2420.309901158655,0.2765020337924449,0.3550073692757286
2426.360675911551,0.27616334304698986,0.3549374165571345
2432.42657760133,0.2758255470337386,0.35486704757771065
2438.507644045333,0.2754886451959075,0.3547962632903387
2444.603913155446,0.27515263696706105,0.35472506465923975
2450.715422938335,0.2748175217711569,0.35465345265991455
2456.8422114956807,0.27448329902259055,0.35458142827908384
2462.98431702442,0.27414996812623943,0.3545089925146275
2469.1417778169807,0.2738175284775078,0.35443614637552323
2475.3146322615225,0.27348597946237174,0.35436289088178513
2481.5029188421763,0.2731553204574232,0.35428922706440075
2487.7066761392816,0.27282555082991533,0.3542151559652687
2493.92594282963,0.272496669937807,0.35414067863713505
2500.1607576867036,0.27216867712980775,0.3540657961435292
2506.4111595809204,0.2718415717454228,0.35399050955869976
2512.6771874798724,0.2715153531149973,0.3539148199675492
2518.9588804485725,0.27119002055976243,0.35383872846556835
2525.2562776496934,0.27086557339187967,0.3537622361587708
2531.5694183438177,0.2705420109144856,0.35368534416362557
2537.898341889677,0.270219332421738,0.3536080536069912
2544.243087744401,0.2698975371988602,0.3535303656260474
2550.603695463762,0.2695766245221865,0.35345228136822765
2556.980204702421,0.2692565936592076,0.3533738019911505
2563.372655214177,0.2689374438686156,0.353294928662551
2569.7810868522124,0.2686191744003494,0.3532156625602112
2576.205539569343,0.26830178449564057,0.35313600487189073
2582.6460534182656,0.2679852733870582,0.3530559567952565
2589.102668551812,0.2676696402985544,0.35297551953781214
2595.575425223191,0.26735488444551025,0.35289469431682713
2602.0643637862486,0.26704100503478123,0.3528134823592656
2608.5695246957143,0.2667280012647424,0.35273188490171437
2615.0909485074535,0.26641587232533487,0.3526499031903111
2621.628675878722,0.26610461739811064,0.35256753848067157
2628.1827475684186,0.2657942356562791,0.352484792037817
2634.7532044373393,0.26548472626475234,0.35240166513610105
2641.3400874484323,0.26517608838019113,0.3523181590591358
2647.9434376670533,0.264868321151051,0.35223427509971816
2654.563296261221,0.2645614237176277,0.3521500145597561
2661.199704501874,0.26425539521210384,0.35206537875019334
2667.8527037631284,0.2639502347585941,0.35198036899093493
2674.522335522536,0.26364594147319187,0.3518949866107723
2681.2086413613424,0.26334251446401546,0.3518092329473077
2687.9116629647456,0.26303995283125353,0.3517231093468781
2694.6314421221573,0.2627382556672116,0.35163661716447986
2701.3680207274624,0.26243742205635867,0.3515497577636919
2708.1214407792813,0.2621374510753726,0.3514625325165999
2714.8917443812293,0.2618383417931875,0.3513749428037186
2721.6789737421823,0.26154009327103867,0.35128699001391567
2728.483171176538,0.26124270456251003,0.3511986755443336
2735.304379104479,0.2609461747135801,0.3511100008003131
2742.1426400522396,0.2606505027626684,0.3510209671953151
2748.99799665237,0.26035568774068174,0.3509315761508423
2755.870491644001,0.2600617286710608,0.35084182909636163
2762.7601678731107,0.259768624569827,0.3507517274692263
2769.6670682927934,0.2594763744456281,0.35066127271459613
2776.5912359635254,0.2591849772997855,0.3505704662853602
2783.5327140534337,0.2588944321263408,0.35047930964205715
2790.4915458385676,0.2586047379121014,0.35038780425279625
2797.4677747031637,0.25831589363668844,0.3502959515931789
2804.4614441399212,0.2580278982725827,0.3502037531462184
2811.472597750271,0.2577407507851711,0.35011121040226123
2818.5012792446464,0.2574544501327938,0.3500183248589071
2825.547532442758,0.25716899526679016,0.34992509802092925
2832.611401273865,0.2568843851315465,0.3498315314001953
2839.6929297770494,0.25660061866454176,0.34973762651558615
2846.7921621014916,0.25631769479639455,0.3496433848929168
2853.9091425067454,0.25603561245091017,0.3495488080648562
2861.0439153630123,0.2557543705451266,0.34945389757084666
2868.1965251514193,0.2554739679893622,0.34935865495702395
2875.3670164642976,0.2551944036872615,0.3492630817761368
2882.555434005458,0.2549156765358423,0.34916717958746624
2889.7618225904716,0.25463778542554244,0.34907094995674587
2896.986227146948,0.25436072924026665,0.34897439445608025
2904.228692714815,0.25408450685743256,0.3488775146638654
2911.4892644466017,0.2538091171480186,0.34878031216470773
2918.767987607718,0.2535345589766094,0.34868278854934326
2926.0649075767374,0.2532608312014436,0.3485849454145574
2933.380069845679,0.2529879326744595,0.3484867843631039
2940.7135200202933,0.25271586224134274,0.34838830700362433
2948.0653038203436,0.25244461874157215,0.3482895149505678
2955.4354670798944,0.2521742010084668,0.3481904098241096
2962.824055747594,0.25190460786923274,0.34809099325007137
2970.231115886963,0.251635838145009,0.3479912668598396
2977.6566936766803,0.25136789065091497,0.34789123229028596
2985.1008354108717,0.2511007641960962,0.34779089118368584
2992.5635874993986,0.25083445758377154,0.34769024518763886
3000.044996468147,0.2505689696112792,0.3475892959549874
3007.5451089593175,0.25030429907012364,0.3474880451437369
3015.063971731716,0.25004044474602144,0.347386494416975
3022.601631661045,0.2497774054189484,0.3472846454427919
3030.158135740197,0.24951517986318544,0.3471824998941994
3037.7335310795474,0.2492537668473652,0.34708005944905157
3045.3278649072463,0.24899316513451786,0.34697732578996354
3052.941184569514,0.2487333734821182,0.3468743006042329
3060.5735375309378,0.24847439064213125,0.34677098558375924
3068.224971374765,0.24821621536105842,0.3466673824249637
3075.8955338032015,0.2479588463799842,0.3465634928287107
3083.5852726377097,0.2477022824346214,0.34645931850022704
3091.2942358193036,0.2474465222553582,0.34635486114902364
3099.0224714088517,0.24719156456730304,0.34625012248881537
3106.770027587373,0.24693740809033143,0.34614510423744227
3114.536952656342,0.24668405153913137,0.3460398081167906
3122.3232950379825,0.2464314936232495,0.34593423585271366
3130.129103275577,0.2461797330471363,0.3458283891749531
3137.954426033766,0.24592876851019244,0.3457222698170609
3145.79931209885,0.24567859870681397,0.34561587951631995
3153.663810379097,0.24542922232643788,0.34550922001366635
3161.5479699050447,0.24518063805358814,0.3454022930536114
3169.4518398298073,0.24493284456792053,0.3452951003841634
3177.3754694293816,0.24468584054426817,0.3451876437567499
3185.3189081029545,0.2444396246526871,0.3450799249261399
3193.282205373212,0.24419419555850108,0.3449719456503676
3201.265410886645,0.24394955192234707,0.3448637076906533
3209.2685744138616,0.24370569240021991,0.3447552128113278
3217.291745849896,0.24346261564351818,0.3446464627797553
3225.3349752145205,0.24322032029908783,0.3445374593662565
3233.3983126525563,0.24297880500926794,0.3444282043440322
3241.4818084341878,0.24273806841193535,0.34431869948908767
3249.5855129552733,0.2424981091405488,0.3442089465801556
3257.709476737661,0.24225892582419448,0.3440989473986215
3265.853750429505,0.2420205170876291,0.3439887037284474
3274.018384805579,0.24178288155132577,0.34387821735609686
3282.2034307675926,0.24154601783151736,0.34376749007045954
3290.4089393445115,0.24130992454024078,0.3436565236627768
3298.6349616928724,0.24107460028538163,0.3435453199265672
3306.881549097104,0.24084004367071757,0.3434338806575512
3315.148752969847,0.24060625329596252,0.34332220765357807
3323.4366248522715,0.24037322775681044,0.34321030271455144
3331.745216414402,0.24014096564497947,0.3430981676423561
3340.0745794554377,0.23990946554825446,0.34298580424078395
3348.424765904076,0.2396787260505316,0.342873214315462
3356.795827818836,0.23944874573186126,0.34276039967377825
3365.187817388383,0.2392195231684912,0.3426473621248099
3373.600786931854,0.23899105693291012,0.3425341034792512
3382.0347888991832,0.23876334559389037,0.3424206255493406
3390.489875871431,0.23853638771653127,0.34230693014879005
3398.966100561109,0.23831018186230146,0.3421930190927125
3407.463515812512,0.23808472658908192,0.3420788941975513
3415.982174602043,0.2378600204512089,0.3419645572810092
3424.522130038548,0.23763606199951567,0.3418500101619776
3433.083435363644,0.23741284978137547,0.3417352546604663
3441.666143952053,0.23719038234074352,0.3416202925975335
3450.270309311933,0.23696865821819937,0.3415051257952158
3458.895985085213,0.23674767595098842,0.3413897560764589
3467.5432250479257,0.23652743407306462,0.3412741852650486
3476.2120831105453,0.23630793111513115,0.3411584151855417
3484.9026133183215,0.23608916560468318,0.34104244766319736
3493.6148698516167,0.23587113606604856,0.3409262845239093
3502.3489070262463,0.23565384102042938,0.3408099275941371
3511.104779293811,0.23543727898594372,0.3406933787008395
3519.8825412420456,0.23522144847766585,0.3405766396714062
3528.6822475951503,0.23500634800766815,0.3404597123335917
3537.503953214138,0.2347919760850611,0.34034259851544724
3546.3477130971737,0.23457833121603489,0.3402253000452564
3555.213582379916,0.2343654119038992,0.34010781875146706
3564.101616335866,0.234153216649124,0.33999015646262704
3573.0118703767057,0.23394174394938005,0.33987231500731785
3581.944400052647,0.23373099229957878,0.3397542962140902
3590.8992610527785,0.2335209601919123,0.33963610191139854
3599.87650920541,0.23331164611589342,0.3395177339275374
3608.8762004784235,0.23310304855839564,0.33939919409057673
3617.8983909796193,0.23289516600369203,0.33928048422829793
3626.943136957068,0.23268799693349582,0.33916160616813135
3636.0104947994605,0.23248153982699857,0.33904256173709196
3645.100521036459,0.23227579316091,0.3389233527617172
3654.21327233905,0.23207075540949698,0.33880398106800463
3663.3488055198977,0.2318664250446224,0.3386844484813494
3672.507177533697,0.23166280053578384,0.3385647568264825
3681.6884454775313,0.23145988035015205,0.33844490792740994
3690.892666591225,0.23125766295260983,0.3383249036073506
3700.1198982577025,0.23105614680579004,0.3382047456886764
3709.3701980033466,0.23085533037011358,0.33808443599285104
3718.643623498355,0.2306552121038279,0.33796397634037056
3727.9402325571004,0.23045579046304446,0.3378433685507034
3737.260083138493,0.23025706390177667,0.3377226144422306
3746.603233346339,0.23005903087197746,0.33760171583218734
3755.9697414297048,0.22986168982357644,0.3374806745366037
3765.359665783279,0.22966503920451745,0.3373594923702465
3774.7730649477367,0.2294690774607957,0.33723817114656124
3784.209997610106,0.22927380303649442,0.33711671267761456
3793.670522604131,0.22907921437382195,0.3369951187740364
3803.154698910641,0.22888530991314826,0.33687339124496346
3812.662585657917,0.22869208809304187,0.33675153189798246
3822.194242122062,0.22849954735030542,0.3366295425390737
3831.749727727367,0.22830768612001262,0.33650742497255504
3841.3291020466854,0.22811650283554372,0.3363851810010265
3850.9324248018015,0.2279259959286221,0.3362628124253148
3860.559755863806,0.22773616382934936,0.3361403210444185
3870.2111552534657,0.22754700496624108,0.33601770865545355
3879.886683141599,0.2273585177662627,0.3358949770535988
3889.586399849453,0.22717070065486392,0.3357721280320422
3899.3103658490763,0.22698355205601498,0.33564916338192746
3909.0586417636987,0.2267970703922404,0.33552608489230057
3918.8312883681074,0.22661125408465496,0.33540289435005727
3928.628366589028,0.22642610155299756,0.3352795935398904
3938.4499375054997,0.22624161121566586,0.3351561842442375
3948.2960623492636,0.22605778148975114,0.33503266824322964
3958.1668025051363,0.22587461079107196,0.33490904731463933
3968.0622195113992,0.2256920975342083,0.3347853232338298
3977.9823750601777,0.22551024013253568,0.3346614977737041
3987.9273309978275,0.2253290369982589,0.3345375727046548
3997.897149325322,0.22514848654244526,0.33441354979451404
4007.8918921986347,0.22496858717505844,0.3342894308085035
4017.911621929131,0.22478933730499143,0.33416521750918493
4027.956400983954,0.22461073534009993,0.33404091165641203
4038.026291986414,0.22443277968723516,0.33391651500728065
4048.1213577163794,0.22425546875227678,0.33379202931608126
4058.24166111067,0.22407880094016547,0.33366745633425043
4068.3872652634464,0.22390277465493535,0.33354279781032375
4078.5582334266055,0.22372738829974673,0.3334180554898882
4088.754629010172,0.22355264027691793,0.33329323111553505
4098.976515582697,0.22337852898795735,0.3331683264268138
4109.223956871653,0.22320505283359568,0.33304334316018525
4119.497016763832,0.22303221021381728,0.33291828304897636
4129.795759305742,0.22285999952789212,0.3327931478233338
4140.1202487040055,0.22268841917440702,0.33266793921017973
4150.470549325765,0.22251746755129695,0.3325426589331659
4160.84672569908,0.2223471430558762,0.3324173087126299
4171.248842513327,0.22217744408486964,0.33229189026555067
4181.676964619611,0.22200836903444296,0.33216640530550434
4192.131157031158,0.22183991630023397,0.3320408555426213
4202.6114849237365,0.22167208427738289,0.3319152426835426
4213.118013636045,0.22150487136056282,0.3317895684313773
4223.650808670135,0.22133827594400973,0.3316638344856599
4234.209935691811,0.22117229642155298,0.331538042542308
4244.79546053104,0.22100693118664505,0.33141219429358104
4255.407449182368,0.22084217863239125,0.33128629142803795
4266.045967805323,0.22067803715157955,0.33116033563049685
4276.711082724836,0.22051450513671023,0.33103432858199383
4287.402860431648,0.22035158098002458,0.33090827195974215
4298.121367582727,0.22018926307353517,0.33078216743709293
4308.866671001683,0.22002754980905392,0.3306560166834945
4319.638837679187,0.21986643957822166,0.33052982136445336
4330.437934773385,0.21970593077253664,0.330403583141495
4341.264029610318,0.21954602178338342,0.330277303672125
4352.117189684343,0.21938671100206097,0.33015098460979053
4362.997482658555,0.2192279968198115,0.3300246276038421
4373.904976365201,0.21906987762784805,0.3298982342994961
4384.839738806114,0.21891235181738344,0.329771806337797
4395.801838153128,0.21875541777965746,0.32964534535558027
4406.791342748512,0.21859907390596484,0.32951885298543543
4417.808321105383,0.21844331858768304,0.3293923308556698
4428.852841908146,0.21828815021629988,0.32926578059027195
4439.924974012915,0.21813356718344037,0.32913920380887607
4451.024786447948,0.21797956788089473,0.32901260212672667
4462.152348414067,0.2178261507006446,0.3288859771546429
4473.307729285102,0.2176733140348906,0.32875933049898376
4484.490998608314,0.2175210562760792,0.32863266376161393
4495.702226104835,0.21736937581692903,0.3285059785398691
4506.941481670097,0.21721827105045757,0.3283792764265222
4518.208835374272,0.2170677403700076,0.3282525590097499
4529.504357462708,0.21691778216927352,0.32812582787309924
4540.828118356364,0.21676839484232738,0.3279990845954547
4552.180188652254,0.21661957678364496,0.3278723307510054
4563.560639123885,0.2164713263881315,0.3277455679092131
4574.969540721694,0.2163236420511478,0.32761879763478
4586.406964573499,0.21617652216853542,0.32749202148761725
4597.872981984932,0.21602996513664238,0.32736524102281306
4609.367664439894,0.21588396935234838,0.3272384577906024
4620.891083600994,0.21573853321309014,0.32711167333633573
4632.443311309996,0.21559365511688647,0.3269848892004489
4644.024419588271,0.2154493334623631,0.3268581069184326
4655.634480637241,0.21530556664877767,0.3267313280208032
4667.273566838834,0.21516235307604414,0.32660455403307276
4678.941750755931,0.21501969114475789,0.3264777864757202
4690.639105132821,0.21487757925621956,0.326351026864162
4702.365702895652,0.21473601581245977,0.3262242767087245
4714.121617152891,0.214594999216263,0.3260975375146145
4725.906921195773,0.214454527871192,0.32597081078189233
4737.721688498763,0.21431460018161153,0.32584409800544395
4749.565992720009,0.21417521455271207,0.3257174006749534
4761.439907701809,0.21403636939053364,0.325590720274876
4773.343507471063,0.21389806310198944,0.3254640582844117
4785.27686623974,0.21376029409488922,0.3253374161774788
4797.240058405339,0.21362306077796217,0.32521079542268727
4809.233158551352,0.2134863615608811,0.3250841974833139
4821.256241447731,0.21335019485428441,0.3249576238172762
4833.3093820513495,0.2132145590697998,0.32483107587710747
4845.392655506478,0.2130794526200667,0.3247045551099316
4857.506137145244,0.21294487391875921,0.32457806295743946
4869.649902488107,0.21281082138060858,0.3244516008558632
4881.824027244326,0.21267729342142555,0.3243251702359538
4894.028587312438,0.2125442884581231,0.32419877252295637
4906.263658780718,0.21241180490873796,0.32407240913658714
4918.52931792767,0.2122798411924537,0.32394608149101073
4930.825641222488,0.21214839572962169,0.32381979099481684
4943.152705325544,0.21201746694178378,0.3236935390509983
4955.510587088857,0.2118870532516937,0.3235673270569286
4967.899363556579,0.21175715308333865,0.3234411564043403
4980.319111965471,0.21162776486196078,0.3233150284793031
4992.769909745385,0.21149888701407918,0.3231889446622031
5005.251834519748,0.21137051796751027,0.3230629063277216
5017.764964106047,0.21124265615138962,0.3229369148448143
5030.309376516311,0.21111529999619294,0.32281097157669114
5042.885149957602,0.2109884479337565,0.322685077880796
5055.492362832496,0.21086209839729875,0.3225592351087875
5068.131093739577,0.2107362498214405,0.32243344460651874
5080.801421473925,0.2106109006422258,0.32230770771401873
5093.503425027609,0.21048604929714204,0.3221820257654733
5106.237183590179,0.21036169422514087,0.3220564000892061
5119.002776549154,0.21023783386665798,0.32193083200766126
5131.800283490526,0.21011446666363365,0.32180532283738433
5144.629784199253,0.20999159105953263,0.32167987388900543
5157.49135865975,0.20986920549936364,0.3215544864672211
5170.3850870564,0.2097473084297001,0.3214291618707776
5183.311049774041,0.2096258982986993,0.321303901392454
5196.269327398475,0.20950497355612158,0.3211787063190455
5209.260000716971,0.2093845326533508,0.3210535779313473
5222.283150718763,0.2092645740434128,0.3209285175041385
5235.33885859556,0.2091450961809954,0.3208035263061665
5248.4272057420485,0.2090260975224668,0.32067860560013156
5261.548273756403,0.2089075765258955,0.3205537566426717
5274.702144440794,0.20878953165106837,0.3204289806843477
5287.888899801896,0.20867196135951024,0.32030427896962904
5301.1086220514,0.20855486411450194,0.32017965273687893
5314.3613936065285,0.2084382383810995,0.3200551032183408
5327.647297090545,0.20832208262615234,0.3199306316401248
5340.966415333271,0.20820639531832166,0.31980623922219376
5354.318831371604,0.2080911749280988,0.31968192717835076
5367.704628450032,0.20797641992782354,0.3195576967162257
5381.1238900211565,0.20786212879170177,0.3194335490372631
5394.57669974621,0.20774829999582411,0.31930948533670983
5408.063141495575,0.20763493201818298,0.31918550680360297
5421.583299349313,0.2075220233386911,0.3190616146207581
5435.137257597687,0.20740957243919853,0.31893780996475796
5448.725100741681,0.20729757780351063,0.3188140940059414
5462.346913493534,0.20718603791740536,0.3186904679083923
5476.002780777268,0.2070749512686505,0.318566932829929
5489.692787729211,0.20696431634702075,0.31844348992209426
5503.417019698533,0.20685413164431538,0.31832014033014483
5517.175562247779,0.20674439565437466,0.31819688519304207
5530.968501153398,0.206635106873097,0.31807372564344233
5544.7959224062815,0.20652626379845576,0.31795066280768763
5558.657912212297,0.20641786493051587,0.31782769780579695
5572.554556992827,0.2063099087714504,0.31770483175145736
5586.485943385309,0.20620239382555716,0.3175820657520159
5600.452158243773,0.20609531859927485,0.31745940090847147
5614.453288639382,0.2059886816011995,0.31733683831546655
5628.48942186098,0.2058824813421007,0.31721437906128047
5642.560645415631,0.20577671633493722,0.3170920242278213
5656.66704702917,0.20567138509487343,0.31696977489061956
5670.808714646743,0.20556648613929498,0.31684763211882094
5684.98573643336,0.20546201798782443,0.3167255969751801
5699.198200774444,0.20535797916233708,0.31660367051605476
5713.446196276379,0.20525436818697612,0.31648185379139904
5727.72981176707,0.20515118358816864,0.3163601478447586
5742.049136296487,0.2050484238946402,0.3162385537132649
5756.404259137228,0.20494608763743066,0.31611707242763015
5770.795269785071,0.20484417334990898,0.31599570501214225
5785.222257959533,0.2047426795677883,0.31587445248466084
5799.685313604432,0.2046416048291408,0.3157533158566122
5814.184526888443,0.2045409476744123,0.31563229613298593
5828.719988205663,0.20444070664643735,0.3155113943123307
5843.291788176177,0.20434088029045333,0.31539061138675095
5857.900017646616,0.2042414671541154,0.31526994834190375
5872.544767690732,0.20414246578751033,0.3151494061569956
5887.22612960996,0.20404387474317126,0.31502898580477984
5901.944194933984,0.2039456925760912,0.3149086882515542
5916.699055421319,0.20384791784373799,0.31478851445715866
5931.490803059872,0.20375054910606719,0.3146684653749734
5946.319530067522,0.2036535849255368,0.3145485419519172
5961.1853288926895,0.20355702386712046,0.3144287451284462
5976.088292214921,0.2034608644983211,0.31430907583855255
5991.028512945458,0.20336510538918473,0.31418953500976354
6006.006084227822,0.20326974511231344,0.314070123563141
6021.021099438391,0.20317478224287905,0.3139508424132811
6036.073652186986,0.20308021535863616,0.3138316924683139
6051.163836317453,0.20298604303993514,0.3137126746299038
6066.291745908246,0.20289226386973508,0.31359378979325003
6081.457475273017,0.20279887643361702,0.3134750388470868
6096.6611189611995,0.20270587931979628,0.3133564226736845
6111.902771758601,0.20261327111913532,0.3132379421488512
6127.182528687998,0.202521050425156,0.3131195981419334
6142.5004850097175,0.20242921583405263,0.31300139151581813
6157.856736222242,0.20233776594470365,0.31288332312693495
6173.251378062797,0.20224669935868417,0.3127653938252576
6188.684506507953,0.20215601468027805,0.31264760445430684
6204.156217774223,0.2020657105164899,0.3125299558511532
6219.666608318658,0.20197578547705683,0.3124124488464193
6235.215774839455,0.20188623817446058,0.3122950842642837
6250.803814276554,0.2017970672239389,0.31217786292248395
6266.430823812244,0.20170827124349702,0.3120607856323201
6282.096900871775,0.2016198488539196,0.3119438531986588
6297.802143123953,0.20153179867878157,0.31182706641993746
6313.546648481763,0.20144411934445963,0.3117104260881684
6329.330515102967,0.2013568094801435,0.3115939329889436
6345.153841390724,0.2012698677178467,0.31147758790143953
6361.016725994201,0.20118329269241744,0.31136139159842235
6376.919267809186,0.20109708304154975,0.311245344846253
6392.861565978708,0.201011237405794,0.31112944840489265
6408.843719893655,0.2009257544285673,0.31101370302790915
6424.865829193388,0.20084063275616443,0.3108981094624823
6440.927993766371,0.20075587103776768,0.31078266844941044
6457.030313750787,0.20067146792545773,0.31066738072311717
6473.172889535163,0.2005874220742231,0.31055224701165757
6489.355821759002,0.20050373214197081,0.3104372680367256
6505.579211313398,0.20042039678953602,0.3103224445136609
6521.843159341682,0.20033741468069188,0.3102077771514567
6538.147767240035,0.20025478448215933,0.31009326665276665
6554.493136658135,0.20017250486361654,0.30997891371391395
6570.87936949978,0.20009057449770876,0.309864719024898
6587.30656792353,0.2000089920600571,0.30975068326940364
6603.774834343338,0.19992775622926848,0.3096368071248095
6620.284271429196,0.19984686568694437,0.3095230912621968
6636.834982107769,0.19976631911769008,0.3094095363463578
6653.427069563038,0.19968611520912333,0.3092961430358058
6670.060637236946,0.19960625265188356,0.30918291198278414
6686.735788830037,0.19952673013964045,0.30906984383327546
6703.452628302112,0.1994475463691024,0.3089569392270124
6720.211259872866,0.19936870004002522,0.3088441987974869
6737.011788022548,0.19929018985522057,0.30873162317196096
6753.854317492604,0.19921201452056397,0.3086192129714766
6770.738953286335,0.1991341727450031,0.3085069688108672
6787.665800669551,0.19905666324056612,0.3083948912987679
6804.634965171224,0.1989794847223691,0.3082829810376267
6821.646552584152,0.19890263590862448,0.3081712386237162
6838.700668965612,0.19882611552064824,0.3080596646471448
6855.797420638026,0.1987499222828678,0.3079482596918684
6872.936914189621,0.1986740549228294,0.3078370243357022
6890.119256475094,0.19859851217120586,0.3077259591503335
6907.344554616282,0.1985232927618032,0.3076150647013331
6924.612916002822,0.1984483954315684,0.30750434154816836
6941.924448292829,0.1983738189205961,0.30739379024421576
6959.279259413561,0.1982995619721359,0.30728341133677406
6976.677457562094,0.1982256233325989,0.30717320536707693
6994.1191512059995,0.19815200175156444,0.30706317287030654
7011.604449084014,0.19807869598178696,0.3069533143756074
7029.133460206724,0.19800570477920235,0.3068436304060991
7046.706293857239,0.19793302690293404,0.30673412147889095
7064.323059591882,0.1978606611153001,0.306624788105096
7081.983867240861,0.19778860618181845,0.3065156307898447
7099.688826908963,0.19771686087121373,0.3064066500323
7117.438048976235,0.19764542395542276,0.3062978463256715
7135.231644098676,0.19757429420960052,0.30618922015723044
7153.0697232089215,0.19750347041212582,0.3060807720083244
7170.952397516943,0.1974329513446073,0.30597250235439294
7188.879778510736,0.1973627357918883,0.30586441166498246
7206.851977957012,0.19729282254205277,0.3057565004037616
7224.8691079019045,0.1972232103864304,0.3056487690285373
7242.931280671659,0.19715389811960182,0.30554121799127076
7261.038608873338,0.19708488453940354,0.3054338477380924
7279.19120539552,0.1970161684469331,0.30532665870931947
7297.389183409009,0.1969477486465538,0.3052196513394712
7315.632656367531,0.19687962394589953,0.305112826057286
7333.921738008449,0.19681179315587935,0.30500618328573764
7352.256542353471,0.19674425509068189,0.30489972344205274
7370.637183709354,0.19667700856778017,0.30479344693772686
7389.063776668627,0.1966100524079354,0.3046873541785423
7407.5364361102975,0.19654338543520147,0.3045814455645852
7426.055277200573,0.19647700647692903,0.30447572149026303
7444.620415393574,0.19641091436376928,0.304370182344322
7463.231966432058,0.19634510792967808,0.304264828509865
7481.890046348138,0.1962795860119196,0.30415966036436964
7500.594771464007,0.19621434745106997,0.30405467827970584
7519.346258392667,0.19614939109102086,0.3039498826221547
7538.1446240386485,0.19608471577898273,0.30384527375242626
7556.989985598744,0.19602032036548858,0.30374085202567797
7575.882460562741,0.1959562037043967,0.30363661779153384
7594.822166714147,0.19589236465289409,0.303532571394103
7613.8092221309325,0.19582880207149944,0.30342871317199804
7632.843745186259,0.19576551482406587,0.3033250434583552
7651.925854549225,0.19570250177778395,0.3032215625808522
7671.055669185596,0.19563976180318407,0.3031182708617286
7690.233308358561,0.19557729377413952,0.3030151686178049
7709.458891629457,0.19551509656786847,0.3029122561605019
7728.7325388585305,0.19545316906493654,0.30280953379586056
7748.054370205676,0.1953915101492592,0.3027070018245621
7767.424506131189,0.19533011870810368,0.30260466054194746
7786.843067396517,0.1952689936320913,0.3025025102380375
7806.310175065008,0.19520813381519925,0.30240055119755366
7825.825950502671,0.19514753815476238,0.3022987836999374
7845.3905153789265,0.19508720555147505,0.30219720801937155
7865.003991667373,0.1950271349093929,0.3020958244248003
7884.666501646541,0.19496732513593426,0.3019946331799498
7904.378167900657,0.1949077751418814,0.3018936345433493
7924.139113320409,0.19484848384138218,0.3017928287683518
7943.949461103709,0.19478945015195112,0.301692216103155
7963.809334756468,0.19473067299447064,0.3015917967908225
7983.718858093359,0.1946721512931919,0.30149157106930496
8003.678155238593,0.19461388397573595,0.3013915391714614
8023.6873506266875,0.19455586997309443,0.30129170132508065
8043.746569003254,0.19449810821963015,0.30119205775290253
8063.855935425762,0.19444059765307814,0.3010926086726401
8084.015575264326,0.19438333721454595,0.30099335429700075
8104.225614202486,0.19432632584851373,0.3008942948337083
8124.486178237992,0.19426956250283517,0.3007954304855245
8144.797393683586,0.19421304612873735,0.30069676145027163
8165.159387167796,0.19415677568082113,0.30059828792085413
8185.572285635715,0.19410075011706074,0.30050001008528066
8206.036216349803,0.19404496839880422,0.30040192812668665
8226.551306890677,0.19398942949077302,0.30030404222335644
8247.117685157904,0.1939341323610617,0.30020635254874567
8267.735479370798,0.1938790759811377,0.3001088592715037
8288.404818069224,0.193824259325841,0.30001156255549644
8309.125830114397,0.19376968137338318,0.2999144625598287
8329.898644689683,0.1937153411053472,0.29981755943886673
8350.723391301406,0.19366123750668626,0.2997208533422616
8371.60019977966,0.19360736956572364,0.2996243444149716
8392.529200279108,0.19355373627415107,0.2995280327972852
8413.510523279805,0.1935003366270281,0.299431918624844
8434.544299588006,0.1934471696227808,0.29933600202866584
8455.630660336974,0.19339423426320082,0.2992402831351684
8476.769736987815,0.1933415295534439,0.29914476206619106
8497.961661330284,0.19328905450202863,0.2990494389390199
8519.206565483611,0.1932368081208348,0.29895431386640947
8540.504581897318,0.1931847894251019,0.2988593869566071
8561.855843352061,0.19313299743342768,0.2987646583133755
8583.26048296044,0.19308143116776627,0.29867012803601733
8604.718634167843,0.19303008965342608,0.2985757962193976
8626.23043075326,0.19297897191906851,0.29848166295396783
8647.796006830144,0.19292807699670542,0.2983877283257896
8669.415496847218,0.19287740392169705,0.2982939924165579
8691.089035589335,0.1928269517327504,0.29820045530362554
8712.81675817831,0.1927767194719162,0.298107117060026
8734.598800073754,0.1927267061845872,0.2980139777544977
8756.435297073938,0.19267691091949532,0.29792103745150794
8778.326385316623,0.19262733272870952,0.2978282962112766
8800.272201279913,0.19257797066763266,0.2977357540897998
8822.272881783112,0.19252882379499958,0.2976434111388743
8844.32856398757,0.19247989117287348,0.29755126740612137
8866.43938539754,0.19243117186664385,0.2974593229350103
8888.60548386103,0.1923826649450229,0.2973675777648831
8910.826997570684,0.19233436948004304,0.29727603193097807
8933.10406506461,0.19228628454705365,0.2971846854644543
8955.436825227272,0.19223840922471758,0.2970935383924154
8977.825417290338,0.19219074259500846,0.29700259073793384
9000.269980833566,0.19214328374320694,0.2969118425200751
9022.770655785647,0.19209603175789755,0.2968212937539218
9045.32758242511,0.19204898573096504,0.29673094445059783
9067.940901381175,0.1920021447575908,0.2966407946172928
9090.610753634626,0.1919555079362495,0.29655084425728595
9113.337280518712,0.1919090743687051,0.2964610933699707
9136.12062372001,0.19186284316000726,0.29637154195087867
9158.960925279307,0.19181681341848714,0.29628218999170397
9181.858327592507,0.19177098425575395,0.2961930374803278
9204.812973411486,0.19172535478669048,0.2961040844008422
9227.825005845014,0.19167992412944948,0.2960153307335747
9250.894568359627,0.19163469140544903,0.2959267764551126
9274.021804780527,0.19158965573936873,0.2958384215383272
9297.206859292477,0.191544816259145,0.2957502659523978
9320.449876440707,0.19150017209596712,0.29566230966283674
9343.751001131808,0.19145572238427247,0.29557455263151283
9367.110378634638,0.19141146626174232,0.29548699481667645
9390.528154581223,0.19136740286929696,0.2953996361729831
9414.004474967676,0.1913235313510912,0.29531247665151816
9437.539486155094,0.19127985085450977,0.29522551619982124
9461.133334870481,0.1912363605301621,0.29513875476190987
9484.786168207658,0.1911930595318783,0.29505219227830454
9508.498133628176,0.1911499470167033,0.29496582868605215
9532.269378962246,0.19110702214489264,0.294879663918751
9556.10005240965,0.19106428407990692,0.29479369790657445
9579.990302540675,0.19102173198840708,0.2947079305762954
9603.940278297026,0.19097936504024884,0.2946223618513103
9627.950128992768,0.19093718240847796,0.2945369916516636
9652.020004315249,0.19089518326932434,0.29445181989407154
9676.150054326037,0.19085336680219742,0.2943668464919466
9700.340429461852,0.19081173218968003,0.29428207135542156
9724.591280535506,0.19077027861752355,0.2941974943913732
9748.902758736845,0.19072900527464173,0.2941131155034468
9773.275015633686,0.19068791135310584,0.29402893459208024
9797.70820317277,0.1906469960481384,0.2939449515545275
9822.202473680702,0.1906062585581077,0.2938611662848829
9846.757979864902,0.19056569808452226,0.2937775786741054
9871.374874814563,0.19052531383202467,0.29369418861004193
9896.0533120016,0.19048510500838597,0.29361099597745155
9920.793445281603,0.1904450708244994,0.2935280006580294
9945.595428894807,0.19040521049437506,0.29344520253043044
9970.459417467044,0.19036552323513298,0.29336260147029286
9995.385566010711,0.19032600826699786,0.29328019735026256
10020.374029925737,0.1902866648132924,0.29319799004001607
10045.424965000551,0.1902474921004315,0.2931159794062851
10070.538527413051,0.19020848935791543,0.29303416531287896
10095.714873731584,0.19016965581832435,0.2929525476207094
10120.954160915911,0.19013099071731132,0.2928711261878133
10146.2565463182,0.19009249329359615,0.2927899008693765
10171.622187683995,0.19005416278895898,0.2927088715177574
10197.051243153206,0.1900159984482337,0.2926280379825096
10222.543871261088,0.18997799951930144,0.2925474001104064
10248.10023093924,0.1899401652530842,0.2924669577454633
10273.720481516588,0.18990249490353792,0.29238671072896144
10299.404782720378,0.18986498772764596,0.2923066588994708
10325.153294677179,0.1898276429854123,0.29222680209287344
10350.966177913871,0.18979045993985486,0.2921471401423867
10376.843593358655,0.18975343785699872,0.29206767287858587
10402.785702342051,0.1897165760058692,0.2919884001294276
10428.792666597905,0.18967987365848493,0.2919093217202726
10454.864648264402,0.18964333008985113,0.2918304374739086
10481.001809885061,0.18960694457795244,0.2917517472105732
10507.204314409773,0.18957071640374576,0.2916732507479765
10533.472325195797,0.18953464485115373,0.291594947901324
10559.806006008786,0.18949872920705704,0.2915168384833392
10586.205521023807,0.18946296876128776,0.29143892230428603
10612.671034826366,0.18942736280662187,0.2913611991719916
10639.202712413431,0.18939191063877206,0.2912836688918684
10665.800719194465,0.18935661155638098,0.2912063312669371
10692.46522099245,0.1893214648610132,0.2911291860978485
10719.196384044932,0.18928646985714837,0.2910522331829058
10745.994375005042,0.18925162585217375,0.2909754723180872
10772.859360942555,0.18921693215637703,0.2908989032970676
10799.79150934491,0.1891823880829385,0.2908225259112409
10826.790988118273,0.18914799294792412,0.29074633994974197
10853.857965588568,0.18911374607027742,0.2906703451994686
10880.992610502539,0.18907964677181255,0.2905945414451031
10908.195092028793,0.18904569437720636,0.2905189284691346
10935.465579758866,0.18901188821399117,0.29044350605188024
10962.80424370826,0.1889782276125468,0.2903682739715071
10990.211254317532,0.1889447119060932,0.2902932320040538
11017.686782453326,0.1889113404306825,0.29021837992345184
11045.230999409456,0.1888781125251918,0.29014371750154716
11072.84407690798,0.18884502753131488,0.2900692445081214
11100.52618710025,0.18881208479355485,0.2899949607109132
11128.277502568,0.1887792836592162,0.2899208658756392
11156.09819632442,0.18874662347839716,0.2898469597660157
11183.988441815229,0.1887141036039815,0.2897732421437792
11211.948412919768,0.1886817233916313,0.28969971276870754
11239.978283952067,0.18864948219977837,0.2896263713986407
11268.078229661945,0.18861737938961687,0.28955321778950177
11296.2484252361,0.1885854143250952,0.28948025169531744
11324.48904629919,0.18855358637290803,0.28940747286823887
11352.800268914936,0.1885218949024883,0.28933488105856214
11381.182269587225,0.18849033928599948,0.28926247601474886
11409.63522526119,0.18845891889832708,0.28919025748344623
11438.159313324342,0.1884276331170711,0.28911822520950775
11466.754711607655,0.18839648132253797,0.2890463789360131
11495.421598386672,0.1883654628977318,0.2889747184042888
11524.160152382638,0.18833457722834712,0.28890324335392753
11552.970552763594,0.1883038237027605,0.2888319535228089
11581.852979145502,0.18827320171202205,0.28876084864711865
11610.807611593365,0.18824271064984785,0.2886899284613691
11639.83463062235,0.18821234991261135,0.28861919269841824
11668.934217198905,0.1881821188993355,0.2885486410894898
11698.106552741901,0.1881520170116843,0.2884782733641925
11727.351819123754,0.18812204365395468,0.28840808925054
11756.670198671562,0.1880921982330684,0.2883380884749698
11786.061874168241,0.18806248015856367,0.28826827076236233
11815.527028853661,0.18803288884258684,0.288198635836061
11845.065846425796,0.18800342369988443,0.2881291834178905
11874.678511041859,0.18797408414779448,0.28805991322817615
11904.365207319463,0.18794486960623843,0.2879908249857626
11934.12612033776,0.18791577949771293,0.2879219184080333
11963.961435638605,0.18788681324728135,0.28785319321092817
11993.8713392277,0.18785797028256548,0.28778464910896345
12023.856017575768,0.18782925003373713,0.28771628581524933
12053.915657619707,0.1878006519335101,0.2876481030415088
12084.050446763757,0.18777217541713145,0.2875801004980962
12114.260572880665,0.18774381992237327,0.28751227789401496
12144.546224312868,0.1877155848895243,0.28744463493693645
12174.907589873648,0.18768746976138176,0.2873771713332177
12205.344858848332,0.18765947398324248,0.28730988678791947
12235.858220995451,0.18763159700289506,0.28724278100482425
12266.44786654794,0.18760383827061092,0.28717585368645365
12297.113986214308,0.18757619723913635,0.2871091045340872
12327.856771179844,0.1875486733636838,0.28704253324777856
12358.676413107793,0.18752126610192366,0.2869761395263744
12389.573104140562,0.18749397491397554,0.28690992306753077
12420.54703690091,0.18746679926240029,0.28684388356773116
12451.598404493165,0.18743973861219104,0.2867780207223033
12482.727400504396,0.18741279243076514,0.2867123342254369
12513.934219005658,0.18738596018795559,0.2866468237702003
12545.21905455317,0.18735924135600263,0.2865814890485571
12576.582102189554,0.18733263540954512,0.28651632975138397
12608.023557445027,0.18730614182561228,0.2864513455684866
12639.543616338637,0.18727976008361533,0.2863865361886168
12671.142475379484,0.18725348966533867,0.28632190129948915
12702.820331567931,0.1872273300549317,0.2862574405877972
12734.57738239685,0.1872012807389003,0.28619315373922993
12766.413825852842,0.1871753412060985,0.28612904043848847
12798.329860417472,0.18714951094771962,0.2860651003693018
12830.325685068516,0.18712378945728828,0.286001333214443
12862.401499281188,0.18709817623065172,0.2859377386557456
12894.55750302939,0.18707267076597137,0.28587431637411903
12926.793896786963,0.18704727256371434,0.2858110660495647
12959.110881528928,0.1870219811266451,0.28574798736119184
12991.50865873275,0.1869967959598169,0.2856850799872329
13023.98743037958,0.18697171657056344,0.2856223436050591
13056.54739895553,0.18694674246849036,0.2855597778911961
13089.188767452917,0.1869218731654667,0.28549738252133916
13121.91173937155,0.18689710817561683,0.2854351571703686
13154.716518719977,0.18687244701531155,0.2853731015123646
13187.603310016777,0.1868478892031598,0.28531121522062247
13220.57231829182,0.18682343426000061,0.2852494979676679
13253.623749087546,0.18679908170889414,0.28518794942527115
13286.757808460265,0.1867748310751137,0.28512656926446256
13319.974702981415,0.18675068188613692,0.28506535715554665
13353.27463973887,0.18672663367163775,0.2850043127681172
13386.657826338214,0.186702685963478,0.2849434357710712
13420.12447090406,0.1866788382956986,0.28488272583262364
13453.674782081318,0.18665509020451163,0.2848221826203219
13487.308969036521,0.18663144122829192,0.28476180580105925
13521.027241459113,0.18660789090756832,0.28470159504109
13554.82980956276,0.18658443878501582,0.2846415500060424
13588.716884086665,0.1865610844054467,0.2845816703609336
13622.688676296882,0.18653782731580273,0.28452195577018285
13656.745397987623,0.1865146670651464,0.28446240589762506
13690.88726148259,0.18649160320465286,0.28440302040652493
13725.114479636297,0.18646863528760144,0.2843437989595905
13759.427265835386,0.18644576286936748,0.28428474121898595
13793.825833999976,0.186422985507414,0.28422584684634555
13828.310398584974,0.1864003027612833,0.28416711550278695
13862.881174581435,0.1863777141925888,0.28410854684892356
13897.538377517889,0.186355219365007,0.2840501405448788
13932.282223461681,0.18633281784426872,0.28399189625029797
13967.112929020337,0.1863105091981512,0.2839338136243619
14002.030711342886,0.18628829299646993,0.28387589232579924
14037.035788121242,0.18626616881107014,0.28381813201289924
14072.128377591545,0.186244136215819,0.2837605323435247
14107.308698535522,0.18622219478659702,0.2837030929751242
14142.57697028186,0.18620034410129016,0.2836458135647443
14177.933412707565,0.18617858373978155,0.28358869376904217
14213.378246239334,0.18615691328394324,0.2835317332442978
14248.91169185493,0.18613533231762835,0.28347493164642606
14284.533971084567,0.18611384042666268,0.28341828863098883
14320.245306012277,0.1860924371988367,0.28336180385320664
14356.045919277307,0.18607112222389743,0.28330547696797076
14391.9360340755,0.18604989509354045,0.2832493076298553
14427.915874160688,0.18602875540140162,0.28319329549312816
14463.985663846088,0.18600770274304926,0.28313744021176324
14500.145628005705,0.18598673671597593,0.2830817414394517
14536.395992075717,0.1859658569195906,0.2830261988296131
14572.736982055905,0.18594506295521046,0.2829708120354074
14609.168824511045,0.1859243544260529,0.2829155807097453
14645.691746572322,0.18590373093722784,0.2828605045053003
14682.30597593875,0.1858831920957294,0.28280558307451903
14719.011740878597,0.18586273751042806,0.2827508160696323
14755.809270230793,0.1858423667920631,0.28269620314266675
14792.698793406369,0.1858220795532339,0.2826417439454543
14829.680540389883,0.1858018754083929,0.28258743812964393
14866.754741740857,0.18578175397383717,0.28253328534671185
14903.92162859521,0.1857617148677007,0.2824792852479721
14941.181432666697,0.18574175770994666,0.282425437484587
14978.534386248362,0.1857218821223595,0.28237174170757734
15015.980722213984,0.18570208772853683,0.2823181975678327
15053.520674019517,0.18568237415388233,0.28226480471612203
15091.154475704565,0.18566274102559727,0.2822115628031028
15128.882361893826,0.18564318797267323,0.28215847147933204
15166.704567798559,0.18562371462588406,0.28210553039527564
15204.621329218055,0.18560432061777835,0.28205273920131824
15242.6328825411,0.18558500558267155,0.28200009754777317
15280.739464747452,0.18556576915663864,0.28194760508489164
15318.94131340932,0.18554661097750585,0.2818952614628734
15357.238666692841,0.18552753068484376,0.28184306633187456
15395.631763359574,0.18550852791995906,0.2817910193420187
15434.12084276797,0.18548960232588715,0.28173912014340485
15472.70614487489,0.18547075354738496,0.2816873683861178
15511.387910237076,0.18545198123092246,0.28163576372023635
15550.166380012668,0.1854332850246761,0.28158430579584287
15589.041795962698,0.18541466457852063,0.28153299426303247
15628.014400452605,0.18539611954402185,0.2814818287719212
15667.084436453737,0.185377649574429,0.28143080897265577
15706.25214754487,0.18535925432466757,0.28137993451542165
15745.517777913732,0.18534093345133137,0.2813292050504518
15784.881572358514,0.18532268661267562,0.2812786202280357
15824.34377628941,0.18530451346860904,0.2812281796985273
15863.904635730132,0.18528641368068702,0.281177883112354
15903.564397319456,0.18526838691210373,0.28112773012002445
15943.323308312754,0.18525043282768494,0.281077720372137
15983.181616583537,0.18523255109388106,0.2810278535193885
16023.139570624995,0.18521474137875926,0.2809781292125812
16063.197419551558,0.18519700335199651,0.28092854710263193
16103.355413100435,0.18517933668487238,0.28087910684057943
16143.613801633182,0.18516174105026142,0.28082980807759234
16183.972836137265,0.18514421612262655,0.28078065046497735
16224.432768227607,0.18512676157801114,0.28073163365418624
16264.993850148176,0.1851093770940326,0.2806827572968244
16305.656334773545,0.18509206234987444,0.28063402104465734
16346.42047561048,0.1850748170262798,0.2805854245496194
16387.286526799504,0.18505764080554393,0.28053696746382023
16428.2547431165,0.18504053337150733,0.2804886494395526
16469.325379974292,0.18502349440954852,0.28044047012929957
16510.49869342423,0.18500652360657704,0.2803924291857415
16551.77494015779,0.18498962065102662,0.2803445262617637
16593.15437750818,0.1849727852328477,0.28029676101046275
16634.63726345195,0.18495601704350104,0.2802491330851544
16676.22385661058,0.18493931577595032,0.28020164213937954
16717.914416252104,0.18492268112465549,0.28015428782691165
16759.70920229273,0.18490611278556554,0.28010706980176336
16801.608475298464,0.18488961045611205,0.2800599877181934
16843.61249648671,0.18487317383520183,0.28001304123071263
16885.72152772793,0.18485680262321047,0.27996622999409126
16927.935831547245,0.18484049652197534,0.2799195536633652
16970.25567112611,0.18482425523478885,0.2798730118938419
17012.681310303924,0.18480807846639144,0.2798266043411075
17055.213013579683,0.18479196592296532,0.27978033066103264
17097.851046113632,0.1847759173121272,0.2797341905097788
17140.595673728916,0.18475993234292193,0.27968818354380454
17183.44716291324,0.18474401072581564,0.27964230941987117
17226.40578082052,0.1847281521726894,0.2795965677950494
17269.47179527257,0.1847123563968319,0.2795509583267247
17312.64547476075,0.1846966231129336,0.2795054806726038
17355.92708844765,0.18468095203707957,0.2794601344907195
17399.31690616877,0.18466534288674333,0.27941491943943764
17442.815198434193,0.18464979538077994,0.2793698351774617
17486.422236430277,0.18463430923941984,0.2793248813638393
17530.13829202135,0.18461888418426195,0.27928005765796715
17573.963637751403,0.18460351993826749,0.2792353637195966
17617.89854684578,0.1845882162257535,0.2791907992088395
17661.943293212895,0.18457297277238613,0.2791463637861728
17706.098151445924,0.18455778930517472,0.27910205711244485
17750.36339682454,0.18454266555246496,0.2790578788488797
17794.7393053166,0.1845276012439327,0.27901382865708274
17839.22615357989,0.1845125961105777,0.2789699061990457
17883.824218963837,0.1844976498847171,0.27892611113715177
17928.53377951125,0.1844827622999793,0.27888244313418054
17973.355113960024,0.1844679330912978,0.2788389018533129
18018.288501744923,0.18445316199490458,0.27879548695813583
18063.334222999285,0.18443844874832416,0.27875219811264745
18108.492558556783,0.18442379309036747,0.27870903498126165
18153.763789953173,0.1844091947611253,0.2786659972288125
18199.148199428055,0.18439465350196255,0.27862308452055945
18244.646069926624,0.18438016905551197,0.27858029652219135
18290.257685101442,0.18436574116566784,0.2785376328998312
18335.983329314193,0.18435136957758028,0.27849509332004074
18381.82328763748,0.18433705403764883,0.2784526774498246
18427.77784585657,0.1843227942935165,0.27841038495663467
18473.84729047121,0.18430859009406417,0.2783682155083747
18520.031908697387,0.18429444118940388,0.2783261687734041
18566.33198846913,0.18428034733087337,0.27828424442054234
18612.7478184403,0.1842663082710301,0.278242442119073
18659.279687986404,0.18425232376364495,0.2782007615387478
18705.92788720637,0.18423839356369698,0.2781592023497909
18752.692706924383,0.18422451742736695,0.27811776422290246
18799.574438691692,0.18421069511203175,0.2780764468292627
18846.57337478842,0.1841969263762585,0.27803524984053574
18893.68980822539,0.1841832109797989,0.2779941729288735
18940.924032745952,0.18416954868358318,0.2779532157669193
18988.276342827816,0.18415593924971457,0.27791237802781144
19035.747033684886,0.18414238244146355,0.2778716593851872
19083.336401269098,0.18412887802326192,0.2778310595131862
19131.044742272265,0.1841154257606974,0.27779057808645385
19178.872354127947,0.18410202542050774,0.2777502147801449
19226.819535013266,0.18408867677057528,0.2777099692699271
19274.8865838508,0.18407537957992115,0.2776698412319842
19323.073800310423,0.18406213361869989,0.27762983034301947
19371.381484811198,0.18404893865819352,0.27758993628025913
19419.809938523227,0.18403579447080637,0.2775501587214554
19468.359463369536,0.18402270083005942,0.2775104973448895
19517.030362027956,0.18400965751058476,0.2774709518293754
19565.822937933026,0.18399666428812003,0.2774315218542622
19614.73749527786,0.18398372093950316,0.2773922070994377
19663.77433901605,0.18397082724266683,0.2773530072453309
19712.933774863588,0.18395798297663302,0.27731392197291566
19762.21610930075,0.1839451879215077,0.2772749509637128
19811.621649573997,0.1839324418584756,0.27723609389979365
19861.15070369793,0.18391974456979437,0.2771973504637823
19910.803580457177,0.18390709583878986,0.27715872033885863
19960.580589408317,0.18389449544985048,0.2771202032087612
20010.482040881838,0.18388194318842188,0.2770817987577895
20060.50824598404,0.18386943884100215,0.27704350667080707
20110.659516599,0.18385698219513588,0.2770053266332434
20160.936165390496,0.18384457303940957,0.2769672583310975
20211.33850580397,0.1838322111634461,0.2769293014509392
20261.86685206848,0.18381989635789983,0.27689145567991275
20312.52151919865,0.18380762841445117,0.27685372070573827
20363.302822996644,0.18379540712580164,0.2768160962167147
20414.211080054138,0.1837832322856687,0.27677858190172205
20465.24660775427,0.18377110368878086,0.27674117745022353
20516.409724273653,0.18375902113087234,0.27670388255226785
20567.70074858434,0.18374698440867823,0.27666669689849144
20619.120000455798,0.18373499331992943,0.2766296201801207
20670.667800456937,0.18372304766334777,0.276592652088974
20722.344469958076,0.18371114723864088,0.2765557923174638
20774.150331132972,0.18369929184649733,0.2765190405585988
20826.085706960803,0.18368748128858176,0.27648239650598583
20878.150921228204,0.18367571536752977,0.27644585985383174
20930.346298531273,0.18366399388694352,0.2764094302969454
20982.672164277603,0.18365231665138634,0.2763731075307399
21035.128844688294,0.18364068346637807,0.27633689125123384
21087.716666800014,0.18362909413839057,0.27630078115505347
21140.435958467013,0.18361754847484238,0.2762647769394346
21193.287048363178,0.18360604628409452,0.27622887830222376
21246.270265984083,0.18359458737544518,0.2761930849418808
21299.385941649045,0.18358317155912557,0.27615739655747973
21352.634406503166,0.18357179864629483,0.2761218128487109
21406.01599251942,0.18356046844903537,0.2760863335158822
21459.53103250072,0.18354918078034843,0.27605095825992065
21513.179860081967,0.18353793545414934,0.2760156867823745
21566.962809732177,0.18352673228526267,0.27598051878541396
21620.880216756505,0.1835155710894181,0.275945453971833
21674.932417298394,0.18350445168324542,0.2759104920450508
21729.11974834164,0.18349337388427017,0.27587563270911325
21783.442547712493,0.18348233751090914,0.275840875668694
21837.90115408177,0.18347134238246585,0.2758062206290956
21892.495906966975,0.18346038831912578,0.27577166729625163
21947.227146734393,0.18344947514195245,0.27573721537672724
22002.095214601228,0.18343860267288248,0.2757028645777204
22057.100452637726,0.18342777073472138,0.2756686146070635
22112.24320376932,0.18341697915113905,0.27563446517322393
22167.52381177874,0.18340622774666548,0.2756004159853058
22222.94262130819,0.18339551634668655,0.27556646675305074
22278.49997786146,0.18338484477743905,0.2755326171868388
22334.19622780611,0.18337421286600714,0.2754988669976899
22390.031718375623,0.18336362044031768,0.2754652158972644
22446.00679767156,0.1833530673291358,0.27543166359786436
22502.12181466574,0.18334255336206082,0.27539820981243446
22558.377119202403,0.18333207836952217,0.2753648542545627
22614.77306200041,0.1833216421827748,0.27533159663848145
22671.30999465541,0.1833112446338952,0.2752984366790685
22727.988269642043,0.18330088555577723,0.2752653740918473
22784.80824031615,0.1832905647821277,0.2752324085929883
22841.77026091694,0.18328028214746278,0.2751995398993098
22898.87468656923,0.18327003748710316,0.27516676772827786
22956.12187328565,0.18325983063717052,0.27513409179800824
23013.512177968863,0.1832496614345831,0.27510151182726583
23071.045958413783,0.1832395297170519,0.27506902753546625
23128.72357330982,0.1832294353230763,0.275036638642676
23186.545382243094,0.18321937809194053,0.27500434486961345
23244.5117456987,0.183209357863709,0.27497214593764885
23302.62302506294,0.18319937447922297,0.27494004156880525
23360.8795826256,0.1831894277800961,0.2749080314857592
23419.281781582165,0.18317951760871076,0.27487611541184076
23477.829986036115,0.18316964380821407,0.2748442930710344
23536.524561001206,0.18315980622251385,0.27481256418797945
23595.36587240371,0.1831500046962749,0.2747809284879699
23654.354287084716,0.18314023907491503,0.27474938569695584
23713.490172802427,0.18313050920460106,0.2747179355415426
23772.77389823443,0.18312081493224547,0.2746865777489926
23832.205832980017,0.18311115610550194,0.2746553120472241
23891.786347562465,0.18310153257276204,0.2746241381648126
23951.51581343137,0.18309194418315133,0.274593055830991
24011.394602964945,0.18308239078652538,0.274562064775649
24071.42308947236,0.1830728722334663,0.2745311647293345
24131.601647196036,0.18306338837527894,0.274500355423253
24191.930651314025,0.18305393906398695,0.27446963658926843
24252.41047794231,0.18304452415232972,0.2744390079599026
24313.041504137163,0.1830351434937577,0.2744084692683357
24373.824107897504,0.18302579694242985,0.2743780202484067
24434.758668167247,0.18301648435320925,0.274347660634613
24495.845564837666,0.18300720558165973,0.27431739016211076
24557.08517874976,0.18299796048404243,0.274287208566715
24618.47789169663,0.18298874891731168,0.27425711558489924
24680.02408642587,0.18297957073911217,0.274227110953796
24741.724146641936,0.18297042580777498,0.2741971944111967
24803.578457008538,0.18296131398231405,0.27416736569555156
24865.587403151058,0.1829522351224227,0.2741376245459693
24927.751371658935,0.18294318908847032,0.27410797070221765
24990.07075008808,0.18293417574149862,0.2740784039047227
25052.5459269633,0.1829251949432184,0.27404892389456936
25115.177291780707,0.18291624655600594,0.2740195304135005
25177.965235010157,0.18290733044289978,0.2739902232039177
25240.91014809768,0.18289844646759695,0.2739610020088804
25304.012423467924,0.18288959449445005,0.27393186657210605
25367.272454526592,0.18288077438846356,0.2739028166379698
25430.690635662904,0.18287198601529053,0.2738738519515042
25494.267362252063,0.18286322924122944,0.2738449722583996
25558.003030657692,0.1828545039332205,0.2738161773050027
25621.898038234336,0.18284580995884275,0.2737874668383175
25685.95278332992,0.18283714718631053,0.2737588406060044
25750.16766528824,0.1828285154844702,0.2737302983563801
25814.543084451463,0.1828199147227971,0.27370183983841667
25879.079442162587,0.18281134477139202,0.2736734648017425
25943.777140767994,0.18280280550097827,0.2736451729966407
26008.636583619915,0.1827942967828982,0.2736169641740496
26073.658175078963,0.18278581848911027,0.27358883808556167
26138.84232051666,0.18277737049218556,0.27356079448342363
26204.189426317946,0.182768952665305,0.2735328331205359
26269.69989988374,0.18276056488225592,0.273504953750452
26335.374149633448,0.18275220701742903,0.27347715612737844
26401.21258500753,0.18274387894581554,0.27344944000617416
26467.21561647005,0.18273558054300348,0.2734218051423496
26533.38365551122,0.18272731168517525,0.2733942512920669
26599.717114649997,0.18271907224910416,0.27336677821213895
26666.216407436623,0.18271086211215157,0.2733393856600292
26732.88194845521,0.18270268115226396,0.2733120733938508
26799.71415332635,0.18269452924796944,0.27328484117236607
26866.713438709663,0.18268640627837535,0.2732576887549864
26933.880222306434,0.1826783121231649,0.27323061590177117
27001.2149228622,0.18267024666259438,0.2732036223734274
27068.717960169353,0.18266220977748993,0.2731767079313089
27136.38975506978,0.18265420134924504,0.27314987233741617
27204.23072945745,0.18264622125981725,0.2731231153543954
27272.241306281092,0.18263826939172545,0.2730964367455377
27340.421909546796,0.18263034562804684,0.2730698362747788
27408.77296432066,0.18262244985241424,0.2730433137066984
27477.29489673146,0.18261458194901295,0.273016868806519
27545.988133973286,0.18260674180257833,0.27299050134010566
27614.85310430822,0.18259892929839242,0.2729642110739654
27683.890237068987,0.18259114432228166,0.272937997775246
27753.099962661658,0.18258338676061361,0.2729118612117358
27822.482712568308,0.18257565650029448,0.2728858011518625
27892.03891934973,0.1825679534287663,0.27285981736469284
27961.7690166481,0.18256027743400408,0.27283390961993154
28031.67343918972,0.182552628404513,0.27280807768792054
28101.752622787695,0.18254500622932596,0.2727823213396385
28172.007004344665,0.1825374107980006,0.2727566403466998
28242.437021855523,0.1825298420006165,0.27273103448135355
28313.04311441016,0.18252229972777295,0.2727055035164833
28383.825722196187,0.18251478387058584,0.2726800472256059
28454.785286501672,0.18250729432068513,0.27265466538287036
28525.922249717925,0.18249983097021216,0.2726293577630576
28597.23705534222,0.1824923937118174,0.2726041241415795
28668.730147980572,0.182484982438657,0.2725789642944773
28740.401973350523,0.1824775970443911,0.27255387799842207
28812.252978283897,0.1824702374231805,0.2725288650307123
28884.283610729606,0.1824629034696847,0.2725039251692744
28956.494319756428,0.18245559507905884,0.2724790581926608
29028.88555555582,0.18244831214695145,0.2724542638800497
29101.457769444707,0.18244105456950158,0.2724295420112435
29174.211413868317,0.18243382224333676,0.2724048923666685
29247.146942402986,0.18242661506557015,0.2723803147273739
29320.26480975899,0.182419432933798,0.27235580887503036
29393.565471783386,0.1824122757460974,0.2723313745919294
29467.049385462844,0.18240514340102365,0.27230701166098253
29540.7170089265,0.18239803579760785,0.2722827198657202
29614.568801448815,0.18239095283535417,0.27225849899029053
29688.605223452436,0.18238389441423808,0.2722343488194587
29762.826736511062,0.18237686043470336,0.272210269138606
29837.23380335234,0.18236985079765977,0.2721862597337287
29911.82688786072,0.1823628654044807,0.2721623203914365
29986.60645508037,0.18235590415700115,0.2721384508989526
30061.57297121807,0.18234896695751468,0.27211465104411187
30136.726903646115,0.18234205370877155,0.27209092061536017
30212.068720905227,0.18233516431397617,0.272067259401753
30287.598892707487,0.18232829867678493,0.272043667192955
30363.31788993925,0.1823214567013036,0.27202014377923805
30439.2261846641,0.18231463829208536,0.2719966889514814
30515.32425012576,0.18230784335412825,0.27197330250116936
30591.612560751073,0.18230107179287297,0.27194998422039107
30668.09159215295,0.18229432351420055,0.2719267339018392
30744.761821133332,0.18228759842443035,0.2719035513388088
30821.623725686164,0.18228089643031722,0.271880436325196
30898.677785000375,0.18227421743905003,0.2718573886554976
30975.924479462876,0.18226756135824895,0.27183440812480913
31053.36429066153,0.18226092809596323,0.2718114945288245
31130.997701388183,0.18225431756066915,0.27178864766383426
31208.82519564165,0.18224772966126784,0.27176586732672486
31286.847258630754,0.18224116430708315,0.27174315331497745
31365.06437677733,0.18223462140785915,0.27172050542666676
31443.47703771927,0.18222810087375838,0.2716979234604598
31522.085730313567,0.18222160261535947,0.2716754072156149
31600.890944639348,0.18221512654365518,0.27165295649198073
31679.893172000946,0.18220867257004997,0.27163057108999467
31759.092904930945,0.1822022406063583,0.271608250810682
31838.49063719327,0.18219583056480224,0.271585995455655
31918.086863786255,0.18218944235800946,0.27156380482711073
31997.882080945717,0.18218307589901106,0.27154167872783147
32077.87678614808,0.18217673110123989,0.27151961696118215
32158.07147811345,0.18217040787852778,0.27149761933110955
32238.466656808734,0.1821641061451043,0.2714756856421418
32319.06282345075,0.18215782581559428,0.2714538156993862
32399.860480509375,0.1821515668050156,0.27143200930852873
32480.860131710648,0.18214532902877775,0.2714102662758325
32562.062282039926,0.18213911240267933,0.27138858640813684
32643.467437745017,0.18213291684290642,0.27136696951285566
32725.07610633938,0.18212674226603018,0.27134541539797674
32806.88879660523,0.18212058858900526,0.27132392387206006
32888.90601859673,0.18211445572916782,0.2713024947442372
32971.12828364323,0.18210834360423322,0.27128112782420927
33053.55610435234,0.1821022521322946,0.2712598229222465
33136.18999461321,0.18209618123182045,0.27123857984918665
33219.03046959975,0.18209013082165312,0.2712173984164336
33302.07804577374,0.1820841008210066,0.2711962784359566
33385.333240888176,0.1820780911494648,0.2711752197202886
33468.796573990396,0.18207210172697955,0.27115422208252515
33552.46856542537,0.18206613247386896,0.27113328533632347
33636.34973683893,0.18206018331081505,0.2711124092959005
33720.440611181024,0.1820542541588626,0.27109159377603254
33804.74171270897,0.18204834493941663,0.27107083859205316
33889.253566990745,0.182042455574241,0.27105014355985263
33973.97670090823,0.1820365859854565,0.2710295084958763
34058.91164266049,0.18203073609553874,0.2710089332171232
34144.05892176714,0.18202490582731684,0.27098841754114544
34229.419069071555,0.18201909510397113,0.2709679612860461
34314.99261674423,0.1820133038490319,0.2709475642704785
34400.78009828609,0.18200753198637706,0.270927226313645
34486.78204853181,0.18200177944023066,0.27090694723529524
34572.99900365313,0.1819960461351613,0.2708867268557255
34659.43150116227,0.18199033199607995,0.27086656499577677
34746.08007991517,0.18198463694823866,0.27084646147683417
34832.94528011495,0.18197896091722846,0.270826416120825
34920.02764331524,0.1819733038289778,0.270806428750218
35007.327712423525,0.18196766560975092,0.2707864991880216
35094.84603170458,0.181962046186146,0.2707666272577832
35182.58314678384,0.18195644548509352,0.2707468127835874
35270.5396046508,0.18195086343385464,0.270727055590055
35358.715953662424,0.18194529996001935,0.2707073555023413
35447.112743546575,0.18193975499150497,0.27068771234613553
35535.730525405444,0.18193422845655446,0.27066812594765893
35624.56985171895,0.1819287202837347,0.27064859613366365
35713.63127634825,0.18192323040193495,0.27062912273143175
35802.91535453912,0.18191775874036512,0.2706097055687732
35892.42264292547,0.1819123052285542,0.27059034447402536
35982.15369953278,0.18190686979634865,0.2705710392760514
36072.10908378161,0.18190145237391073,0.27055178980423866
36162.289356491056,0.18189605289171704,0.270532595888498
36252.69507988229,0.1818906712805567,0.2705134573592619
36343.32681758199,0.18188530747153014,0.2704943740474836
36434.18513462594,0.18187996139604715,0.27047534578463545
36525.270597462506,0.18187463298582546,0.2704563724027079
36616.58377395616,0.18186932217288923,0.2704374537342081
36708.12523339105,0.18186402888956746,0.27041858961215837
36799.89554647452,0.18185875306849256,0.27039977987009534
36891.89528534071,0.1818534946425985,0.27038102434206834
36984.12502355406,0.18184825354511983,0.2703623228626381
37076.58533611294,0.18184302970958952,0.2703436752668755
37169.27679945322,0.18183782306983803,0.2703250813903605
37262.19999145185,0.1818326335599913,0.2703065410691803
37355.35549143048,0.1818274611144699,0.27028805413992857
37448.743880159054,0.18182230566798685,0.2702696204397037
37542.36573985945,0.1818171671555466,0.27025123980610805
37636.2216542091,0.18181204551244348,0.27023291207724603
37730.312208344614,0.18180694067426012,0.27021463709172316
37824.63798886548,0.18180185257686607,0.27019641468864475
37919.19958383764,0.18179678115641645,0.2701782447076143
38013.99758279723,0.18179172634935037,0.27016012698873276
38109.03257675422,0.1817866880923896,0.2701420613725966
38204.305158196104,0.1817816663225371,0.2701240477002968
38299.81592109159,0.18177666097707562,0.2701060858134177
38395.565460894315,0.1817716719935664,0.27008817555403547
38491.554374546555,0.1817666993098475,0.27007031676471666
38587.78326048292,0.18176174286403282,0.27005250928851743
38684.25271863412,0.18175680259451032,0.2700347529689816
38780.96335043071,0.18175187843994076,0.27001704765013973
38877.915758806776,0.18174697033925669,0.26999939317650795
38975.1105482038,0.18174207823166041,0.26998178939308604
39072.54832457431,0.1817372020566233,0.26996423614535686
39170.22969538574,0.18173234175388409,0.2699467332792847
39268.1552696242,0.1817274972634475,0.2699292806413138
39366.325657798254,0.1817226685255831,0.2699118780783674
39464.741471942754,0.18171785548082411,0.2698945254378463
39563.40332562261,0.1817130580699654,0.26987722256762736
39662.31183393666,0.18170827623406316,0.2698599693160626
39761.467613521505,0.18170350991443282,0.26984276553197756
39860.8712825553,0.18169875905264812,0.2698256110646701
39960.52346076169,0.1816940235905398,0.2698085057639093
40060.42476941359,0.181689303470194,0.2697914494799337
40160.57583133712,0.1816845986339516,0.26977444206345064
40260.977270915464,0.18167990902440642,0.26975748336563427
40361.62971409275,0.1816752345844041,0.2697405732381249
40462.53378837798,0.18167057525704106,0.2697237115330274
40563.69012284892,0.18166593098566283,0.2697068981029095
40665.09934815604,0.18166130171386324,0.2696901328008014
40766.76209652643,0.1816566873854829,0.26967341548019386
40868.67900176775,0.18165208794460827,0.269656745995037
40970.85069927216,0.18164750333557006,0.26964012419973904
41073.277826020334,0.1816429335029422,0.2696235499491652
